Hugo_Symbol	chr	start	end	Variant_Classification	dbSNP_RS	HGVSp_Short
ARID1A	1	27059234	27059234	Missense_Mutation		p.G624E
ARID1A	1	27087534	27087534	Missense_Mutation		p.P703L
ARID1A	1	27087890	27087890	Missense_Mutation		p.P726H
ARID1A	1	27099948	27099948	Missense_Mutation		p.R1276Q
ARID1A	1	27100104	27100104	Missense_Mutation		p.M1300I
ARID1A	1	27105641	27105641	Missense_Mutation		p.S1751N
ARID1A	1	27105833	27105833	Missense_Mutation		p.K1815M
ARID1A	1	27107000	27107000	Missense_Mutation		p.A2204V
MDM4	1	204518464	204518464	Missense_Mutation		p.A376V
MSH2	2	47630472	47630472	Nonsense_Mutation	rs63750615	p.E48*
MSH2	2	47630530	47630530	Missense_Mutation		p.M67T
MSH2	2	47639571	47639571	Missense_Mutation		p.I222L
MSH2	2	47643495	47643495	Missense_Mutation		p.T335P
MSH2	2	47703526	47703526	Missense_Mutation		p.S676P
MSH6	2	48025942	48025942	Missense_Mutation		p.S274C
MSH6	2	48026203	48026203	Missense_Mutation		p.R361C
MSH6	2	48026525	48026525	Missense_Mutation	rs41295268	p.R468H
MSH6	2	48027824	48027824	Missense_Mutation	rs63749889	p.R901H
MSH6	2	48028049	48028049	Missense_Mutation	rs63751113	p.R976H
MSH6	2	48030670	48030670	Missense_Mutation	rs63750253	p.R1095H
ERCC3	2	128044358	128044358	Nonsense_Mutation		p.W421*
ERCC3	2	128046262	128046262	Missense_Mutation		p.R334L
ERCC3	2	128050272	128050272	Missense_Mutation	rs145762413	p.V129I
FANCD2	3	10083338	10083338	Missense_Mutation		p.V243I
FANCD2	3	10106085	10106085	Missense_Mutation		p.V665I
MLH1	3	37061889	37061889	Missense_Mutation	rs63751404	p.R325W
MLH1	3	37067323	37067323	Missense_Mutation		p.V412F
MLH1	3	37090093	37090093	Missense_Mutation		p.A661V
CTNNB1	3	41266097	41266097	Missense_Mutation	rs28931588|rs121913416|rs121913417	p.D32Y
CTNNB1	3	41266098	41266098	Missense_Mutation	rs121913396|rs121913416	p.D32G
CTNNB1	3	41266098	41266098	Missense_Mutation	rs121913396|rs121913416	p.D32A
CTNNB1	3	41266100	41266100	Missense_Mutation	rs121913416	p.S33A
CTNNB1	3	41266100	41266100	Missense_Mutation	rs121913416	p.S33P
CTNNB1	3	41266104	41266104	Missense_Mutation	rs28931589|rs121913416	p.G34E
CTNNB1	3	41266113	41266113	Missense_Mutation	rs121913416|rs121913403	p.S37F
CTNNB1	3	41266113	41266113	Missense_Mutation	rs121913416|rs121913403	p.S37C
CTNNB1	3	41266124	41266124	Missense_Mutation	rs121913412	p.T41A
CTNNB1	3	41266137	41266137	Missense_Mutation	rs121913409	p.S45C
CTNNB1	3	41266137	41266137	Missense_Mutation	rs121913409	p.S45F
CTNNB1	3	41266617	41266617	Missense_Mutation		p.N138K
CTNNB1	3	41266915	41266915	Missense_Mutation		p.S196T
CTNNB1	3	41268760	41268760	Missense_Mutation		p.Y333F
CTNNB1	3	41268766	41268766	Missense_Mutation		p.K335I
FOXP1	3	71021815	71021815	Missense_Mutation		p.H515Y
RYBP	3	72427658	72427658	Missense_Mutation		p.S278A
RYBP	3	72428573	72428573	Missense_Mutation		p.P144H
PIK3CB	3	138374293	138374293	Missense_Mutation		p.E1051K
PIK3CB	3	138402553	138402553	Missense_Mutation		p.D798N
PIK3CB	3	138409841	138409841	Splice_Site		p.X679_splice
PIK3CB	3	138417861	138417861	Missense_Mutation		p.N553S
PIK3CB	3	138417868	138417868	Missense_Mutation		p.C551R
PIK3CB	3	138478044	138478044	Missense_Mutation		p.R48W
PIK3CB	3	138478079	138478079	Missense_Mutation	novel	p.L36S
ATR	3	142188289	142188289	Nonsense_Mutation		p.R2148*
ATR	3	142224126	142224126	Missense_Mutation		p.H1684R
ATR	3	142268512	142268512	Missense_Mutation		p.T994A
ATR	3	142274751	142274751	Missense_Mutation		p.L770Q
ATR	3	142281600	142281600	Missense_Mutation		p.R215P
PIK3CA	3	178916623	178916623	Nonsense_Mutation	rs1051397	p.R4*
PIK3CA	3	178916726	178916726	Missense_Mutation		p.R38H
PIK3CA	3	178936091	178936091	Missense_Mutation	rs104886003	p.E545K
PIK3CA	3	178936092	178936092	Missense_Mutation	rs121913274	p.E545A
PIK3CA	3	178936095	178936095	Missense_Mutation		p.Q546P
PIK3CA	3	178947827	178947827	Missense_Mutation		p.C901F
PIK3CA	3	178952077	178952077	Missense_Mutation		p.N1044K
PIK3CA	3	178952085	178952085	Missense_Mutation	rs121913279	p.H1047R
PIK3CA	3	178952139	178952139	Missense_Mutation		p.H1065L
FBXW7	4	153244137	153244137	Missense_Mutation	rs140856583	p.R674W
FBXW7	4	153247165	153247165	Missense_Mutation		p.S546L
FBXW7	4	153247289	153247289	Missense_Mutation	novel	p.R505C
FBXW7	4	153332700	153332700	Missense_Mutation		p.S86A
PIK3R1	5	67591007	67591007	Nonsense_Mutation	novel	p.R534*
PIK3R1	5	67591077	67591077	Missense_Mutation		p.R557Q
PIK3R1	5	67591246	67591246	Splice_Site		p.X582_splice
CHD1	5	98193882	98193882	Splice_Site		p.X1596_splice
CHD1	5	98204216	98204216	Nonsense_Mutation		p.Q1411*
CHD1	5	98204228	98204228	Nonsense_Mutation		p.E1407*
CHD1	5	98209302	98209302	Missense_Mutation	novel	p.R1189Q
CHD1	5	98212127	98212127	Nonsense_Mutation		p.G1125*
CHD1	5	98217769	98217769	Missense_Mutation		p.A926V
CHD1	5	98221315	98221315	Missense_Mutation		p.Q845H
CHD1	5	98232035	98232035	Missense_Mutation		p.L535F
CHD1	5	98234026	98234026	Missense_Mutation	novel	p.F433L
CHD1	5	98239555	98239555	Nonsense_Mutation		p.Q105*
APC	5	112170862	112170862	Missense_Mutation		p.R653M
APC	5	112170863	112170863	Splice_Site		p.X653_splice
APC	5	112175211	112175211	Missense_Mutation		p.I1307K
APC	5	112175604	112175604	Missense_Mutation	novel	p.T1438R
APC	5	112175639	112175639	Nonsense_Mutation	rs121913332	p.R1450*
APC	5	112175687	112175687	Missense_Mutation		p.G1466R
APC	5	112175828	112175828	Nonsense_Mutation		p.E1513*
APC	5	112175912	112175912	Nonsense_Mutation		p.Q1541*
APC	5	112176089	112176089	Missense_Mutation		p.K1600E
APC	5	112177967	112177967	Nonsense_Mutation		p.R2226*
APC	5	112178267	112178267	Nonsense_Mutation		p.R2326*
APC	5	112178276	112178276	Missense_Mutation	rs146048493	p.I2329V
FANCE	6	35423982	35423982	Missense_Mutation		p.H236L
FANCE	6	35428394	35428394	Missense_Mutation		p.Q461R
CDK6	7	92244482	92244482	Missense_Mutation		p.Q318R
CDK6	7	92404119	92404119	Missense_Mutation		p.R87Q
MET	7	116339763	116339763	Missense_Mutation		p.H209Y
MET	7	116371914	116371914	Splice_Site		p.X464_splice
MET	7	116397769	116397769	Nonsense_Mutation		p.Y681*
MET	7	116399527	116399527	Missense_Mutation		p.G783R
MET	7	116409750	116409750	Missense_Mutation		p.N879D
MET	7	116435776	116435776	Missense_Mutation		p.T1289I
MET	7	116436083	116436083	Missense_Mutation		p.K1360E
BRAF	7	140453134	140453134	Missense_Mutation	novel	p.K601E
BRAF	7	140481402	140481402	Missense_Mutation	rs121913358	p.G469A
BRAF	7	140481441	140481441	Missense_Mutation		p.Q456R
BRAF	7	140507763	140507763	Missense_Mutation	rs138333692	p.N236K
BRAF	7	140624456	140624456	Missense_Mutation		p.Q16H
CUL1	7	148451198	148451198	Nonsense_Mutation		p.R91*
CUL1	7	148496464	148496464	Missense_Mutation		p.R745P
KMT2C	7	151845205	151845205	Nonsense_Mutation		p.E4603*
KMT2C	7	151845261	151845261	Missense_Mutation		p.R4584Q
KMT2C	7	151845435	151845435	Missense_Mutation		p.Y4526C
KMT2C	7	151849932	151849932	Missense_Mutation		p.S4128R
KMT2C	7	151851531	151851531	Splice_Site		p.X3987_splice
KMT2C	7	151853137	151853137	Nonsense_Mutation		p.K3940*
KMT2C	7	151859735	151859735	Missense_Mutation		p.T3643A
KMT2C	7	151860734	151860734	Nonsense_Mutation		p.Q3310*
KMT2C	7	151864254	151864254	Missense_Mutation		p.M3243L
KMT2C	7	151868429	151868429	Splice_Site		p.X3125_splice
KMT2C	7	151873686	151873686	Missense_Mutation		p.V2951G
KMT2C	7	151874710	151874710	Nonsense_Mutation		p.R2610*
KMT2C	7	151877154	151877154	Nonsense_Mutation	novel	p.R2403*
KMT2C	7	151877170	151877170	Missense_Mutation		p.Q2397H
KMT2C	7	151877208	151877208	Nonsense_Mutation		p.Q2385*
KMT2C	7	151878206	151878206	Nonsense_Mutation		p.Q2247*
KMT2C	7	151878511	151878511	Missense_Mutation		p.Y2145C
KMT2C	7	151879242	151879242	Missense_Mutation		p.M1901I
KMT2C	7	151880213	151880213	Nonsense_Mutation		p.L1704*
KMT2C	7	151884505	151884505	Nonsense_Mutation		p.S1617*
KMT2C	7	151884917	151884917	Missense_Mutation		p.M1559T
KMT2C	7	151891593	151891593	Nonsense_Mutation		p.S1480*
KMT2C	7	151935841	151935841	Missense_Mutation		p.I868N
KMT2C	7	151945114	151945114	Missense_Mutation		p.S802L
KMT2C	7	151945553	151945553	Missense_Mutation		p.V656I
KMT2C	7	151970899	151970899	Missense_Mutation		p.K301N
KMT2C	7	152009027	152009027	Nonsense_Mutation		p.R199*
KMT2C	7	152012289	152012289	Missense_Mutation		p.D175A
NKX3-1	8	23538909	23538909	Missense_Mutation		p.Y177C
NKX3-1	8	23539062	23539062	Missense_Mutation		p.R126H
CLU	8	27456005	27456005	Missense_Mutation		p.A438T
CLU	8	27457417	27457417	Nonsense_Mutation		p.Y348*
CLU	8	27462468	27462468	Nonsense_Mutation		p.Q268*
CLU	8	27462798	27462798	Missense_Mutation		p.R158C
CLU	8	27463920	27463920	Missense_Mutation		p.K123T
NCOA2	8	71036295	71036295	Missense_Mutation		p.P1373A
NCOA2	8	71039222	71039222	Nonsense_Mutation		p.R1248*
NCOA2	8	71040705	71040705	Missense_Mutation		p.N1215S
NCOA2	8	71075065	71075065	Missense_Mutation		p.S286I
MYC	8	128752800	128752800	Missense_Mutation		p.Q321E
MYC	8	128752963	128752963	Missense_Mutation		p.N375T
CDKN2A	9	21971053	21971053	Missense_Mutation	rs137854598	p.A102V
FANCG	9	35074208	35074208	Missense_Mutation		p.L589P
FANCG	9	35076024	35076024	Missense_Mutation		p.A360T
PTEN	10	89685307	89685307	Missense_Mutation		p.Y68H
PTEN	10	89685308	89685308	Missense_Mutation		p.Y68C
PTEN	10	89690847	89690847	Splice_Site		p.X85_splice
PTEN	10	89690848	89690848	Splice_Site		p.X85_splice
PTEN	10	89692871	89692871	Missense_Mutation	rs139767111	p.V119F
PTEN	10	89692904	89692904	Nonsense_Mutation	rs121913292|rs121909224	p.R130*
PTEN	10	89692905	89692905	Missense_Mutation	rs121913292	p.R130Q
PTEN	10	89692919	89692919	Missense_Mutation		p.I135V
PTEN	10	89692959	89692959	Missense_Mutation		p.A148E
PTEN	10	89692979	89692979	Missense_Mutation	novel	p.Y155N
PTEN	10	89717672	89717672	Nonsense_Mutation	rs121909219	p.R233*
PTEN	10	89717678	89717678	Nonsense_Mutation		p.E235*
PTEN	10	89717697	89717697	Missense_Mutation	rs121909240	p.F241S
FANCF	11	22646512	22646512	Missense_Mutation		p.G282D
FANCF	11	22646966	22646966	Missense_Mutation		p.E131K
CCND1	11	69462905	69462905	Missense_Mutation		p.D240N
ATM	11	108098418	108098418	Nonsense_Mutation		p.R23*
ATM	11	108114816	108114816	Missense_Mutation		p.D211E
ATM	11	108141800	108141800	Missense_Mutation		p.L950F
ATM	11	108141977	108141977	Splice_Site		p.X974_splice
ATM	11	108151786	108151786	Missense_Mutation		p.T1156M
ATM	11	108153568	108153568	Missense_Mutation		p.F1236L
ATM	11	108155066	108155066	Missense_Mutation		p.F1287V
ATM	11	108172385	108172385	Nonsense_Mutation		p.R1730*
ATM	11	108175459	108175459	Nonsense_Mutation		p.Q1852*
ATM	11	108181032	108181032	Nonsense_Mutation		p.Q1970*
ATM	11	108186775	108186775	Missense_Mutation		p.A2045T
ATM	11	108188247	108188247	Missense_Mutation		p.S2116G
ATM	11	108202604	108202604	Splice_Site		p.X2544_splice
ATM	11	108203609	108203609	Nonsense_Mutation		p.Q2637*
ATM	11	108203613	108203613	Nonsense_Mutation		p.W2638*
ATM	11	108206674	108206674	Missense_Mutation		p.I2752F
ATM	11	108236203	108236203	Nonsense_Mutation	rs121434219	p.R3047*
ZBTB16	11	113935024	113935024	Nonsense_Mutation		p.Y334*
ZBTB16	11	114027067	114027067	Missense_Mutation		p.H426P
ZBTB16	11	114057679	114057679	Missense_Mutation		p.A458T
ZBTB16	11	114057707	114057707	Missense_Mutation		p.G467D
ZBTB16	11	114057761	114057761	Splice_Site		p.X485_splice
KRAS	12	25378561	25378561	Missense_Mutation		p.A146V
KRAS	12	25380277	25380277	Missense_Mutation	rs121913238	p.Q61K
KRAS	12	25398284	25398284	Missense_Mutation	rs121913529	p.G12D
KRAS	12	25398285	25398285	Missense_Mutation	rs121913530	p.G12R
KMT2D	12	49420108	49420108	Missense_Mutation		p.R5214H
KMT2D	12	49420229	49420229	Missense_Mutation		p.R5174W
KMT2D	12	49420556	49420556	Missense_Mutation		p.W5065R
KMT2D	12	49420607	49420607	Missense_Mutation		p.R5048C
KMT2D	12	49420727	49420727	Nonsense_Mutation		p.E5008*
KMT2D	12	49421039	49421039	Nonsense_Mutation		p.R4904*
KMT2D	12	49421645	49421645	Missense_Mutation		p.A4862T
KMT2D	12	49424114	49424114	Nonsense_Mutation		p.E4650*
KMT2D	12	49425357	49425357	Nonsense_Mutation		p.W4377*
KMT2D	12	49427216	49427216	Nonsense_Mutation		p.Q3758*
KMT2D	12	49427360	49427360	Missense_Mutation		p.G3710R
KMT2D	12	49431321	49431321	Missense_Mutation		p.A3273V
KMT2D	12	49431633	49431633	Missense_Mutation		p.G3169D
KMT2D	12	49431705	49431705	Missense_Mutation		p.P3145L
KMT2D	12	49432285	49432285	Missense_Mutation		p.T2952P
KMT2D	12	49435054	49435054	Missense_Mutation		p.V2167L
KMT2D	12	49436110	49436110	Missense_Mutation		p.E1957D
KMT2D	12	49438748	49438748	Missense_Mutation		p.E1581V
KMT2D	12	49443503	49443503	Missense_Mutation		p.R1290W
KMT2D	12	49443676	49443676	Missense_Mutation		p.P1232L
KMT2D	12	49445898	49445898	Missense_Mutation		p.P523L
KMT2D	12	49447258	49447258	Splice_Site		p.X280_splice
CDK4	12	58144521	58144521	Missense_Mutation		p.E184K
MDM2	12	69233576	69233576	Missense_Mutation		p.C481R
BRCA2	13	32893291	32893291	Nonsense_Mutation		p.E49*
BRCA2	13	32900281	32900281	Missense_Mutation	rs80359463	p.K157E
BRCA2	13	32906790	32906790	Missense_Mutation		p.A392V
BRCA2	13	32910749	32910749	Missense_Mutation	novel	p.F753I
BRCA2	13	32910973	32910973	Missense_Mutation		p.N827K
BRCA2	13	32912414	32912414	Nonsense_Mutation		p.E1308*
BRCA2	13	32913215	32913215	Missense_Mutation		p.D1575Y
BRCA2	13	32913475	32913475	Nonsense_Mutation		p.Y1661*
BRCA2	13	32914070	32914070	Nonsense_Mutation	rs80359522	p.K1860*
BRCA2	13	32914137	32914137	Nonsense_Mutation		p.S1882*
BRCA2	13	32914356	32914356	Nonsense_Mutation		p.S1955*
BRCA2	13	32914472	32914472	Nonsense_Mutation	rs80358831	p.Q1994*
BRCA2	13	32954180	32954180	Missense_Mutation	rs80359750|rs45580035	p.R3052W
BRCA2	13	32972480	32972480	Missense_Mutation		p.L3277P
RB1	13	48881505	48881505	Nonsense_Mutation		p.L76*
RB1	13	48941630	48941630	Missense_Mutation		p.V314I
RB1	13	48954198	48954198	Nonsense_Mutation		p.R467*
RB1	13	49027168	49027168	Nonsense_Mutation	rs121913305	p.R579*
RB1	13	49027248	49027248	Splice_Site		p.X605_splice
RB1	13	49039339	49039339	Splice_Site		p.X776_splice
RB1	13	49039408	49039408	Missense_Mutation		p.R798Q
RB1	13	49051502	49051502	Missense_Mutation		p.P892Q
ERCC5	13	103504590	103504590	Missense_Mutation		p.R71C
ERCC5	13	103504639	103504639	Missense_Mutation		p.T87S
ERCC5	13	103514614	103514614	Missense_Mutation		p.R372K
ERCC5	13	103515036	103515036	Missense_Mutation		p.A513T
ERCC5	13	103515405	103515405	Missense_Mutation		p.K636E
FOXA1	14	38060805	38060805	Missense_Mutation		p.S395C
FOXA1	14	38061169	38061169	Missense_Mutation		p.A274S
FOXA1	14	38061185	38061185	Nonsense_Mutation		p.C268*
FOXA1	14	38061186	38061186	Missense_Mutation		p.C268Y
FOXA1	14	38061191	38061191	Missense_Mutation		p.F266L
FOXA1	14	38061191	38061191	Missense_Mutation	novel	p.F266L
FOXA1	14	38061204	38061204	Missense_Mutation		p.R262L
FOXA1	14	38061208	38061208	Missense_Mutation		p.R261C
FOXA1	14	38061208	38061208	Missense_Mutation		p.R261G
FOXA1	14	38061213	38061213	Missense_Mutation		p.Y259C
FOXA1	14	38061229	38061229	Missense_Mutation		p.F254V
FOXA1	14	38061248	38061248	Missense_Mutation		p.H247Q
FOXA1	14	38061250	38061250	Missense_Mutation		p.H247N
FOXA1	14	38061334	38061334	Missense_Mutation		p.R219S
FOXA1	14	38061469	38061469	Missense_Mutation		p.S174T
FOXA1	14	38061472	38061472	Missense_Mutation		p.Y173H
FOXA1	14	38061791	38061791	Missense_Mutation		p.M66I
AKT1	14	105243048	105243048	Missense_Mutation		p.Q79K
AKT1	14	105246551	105246551	Missense_Mutation	rs34409589|rs121434592	p.E17K
IDH2	15	90628287	90628287	Nonsense_Mutation		p.W375*
IDH2	15	90634811	90634811	Missense_Mutation		p.I61V
IDH2	15	90634855	90634855	Missense_Mutation		p.V46A
PALB2	16	23635382	23635382	Missense_Mutation		p.V928M
PALB2	16	23641778	23641778	Missense_Mutation	rs144617793	p.R566H
PALB2	16	23646726	23646726	Missense_Mutation		p.L381I
PALB2	16	23647098	23647098	Missense_Mutation		p.G257S
PALB2	16	23647416	23647416	Nonsense_Mutation		p.Q151*
PALB2	16	23647417	23647417	Missense_Mutation		p.Q150H
ZFHX3	16	72821752	72821752	Missense_Mutation		p.S3475G
ZFHX3	16	72821854	72821854	Missense_Mutation		p.E3441K
ZFHX3	16	72822473	72822473	Missense_Mutation	novel	p.D3234E
ZFHX3	16	72822712	72822712	Missense_Mutation		p.P3155S
ZFHX3	16	72827589	72827589	Missense_Mutation		p.R2998W
ZFHX3	16	72829700	72829700	Missense_Mutation		p.R2294Q
ZFHX3	16	72831147	72831147	Missense_Mutation		p.E1812K
ZFHX3	16	72845803	72845803	Splice_Site		p.X1221_splice
ZFHX3	16	72923638	72923638	Missense_Mutation	rs142746363	p.T1147M
ZFHX3	16	72923741	72923741	Nonsense_Mutation		p.Q1113*
ZFHX3	16	72991406	72991406	Missense_Mutation		p.A880V
ZFHX3	16	72991407	72991407	Missense_Mutation		p.A880T
ZFHX3	16	72991485	72991485	Missense_Mutation		p.P854S
ZFHX3	16	72991508	72991508	Missense_Mutation		p.R846H
ZFHX3	16	72992354	72992354	Missense_Mutation		p.A564V
ZFHX3	16	72993579	72993579	Missense_Mutation		p.A156T
FANCA	16	89877123	89877123	Missense_Mutation		p.K172E
FANCA	16	89877377	89877377	Missense_Mutation	novel	p.A129V
FANCA	16	89880930	89880930	Missense_Mutation		p.I94T
TP53	17	7573982	7573982	Nonsense_Mutation	novel	p.E349*
TP53	17	7573991	7573991	Nonsense_Mutation	novel	p.E346*
TP53	17	7574002	7574002	Missense_Mutation		p.R342P
TP53	17	7574003	7574003	Nonsense_Mutation		p.R342*
TP53	17	7574018	7574018	Missense_Mutation		p.R337C
TP53	17	7574018	7574018	Missense_Mutation	novel	p.R337C
TP53	17	7574035	7574035	Splice_Site		p.X332_splice
TP53	17	7576853	7576853	Missense_Mutation	rs11575996	p.Q331H
TP53	17	7576857	7576857	Missense_Mutation		p.L330P
TP53	17	7576865	7576865	Nonsense_Mutation		p.Y327*
TP53	17	7576897	7576897	Nonsense_Mutation		p.Q317*
TP53	17	7576927	7576927	Splice_Site		p.X307_splice
TP53	17	7576928	7576928	Splice_Site	novel	p.X307_splice
TP53	17	7577082	7577082	Missense_Mutation		p.E286K
TP53	17	7577082	7577082	Nonsense_Mutation		p.E286*
TP53	17	7577085	7577085	Missense_Mutation	rs112431538	p.E285K
TP53	17	7577094	7577094	Missense_Mutation	rs28934574	p.R282W
TP53	17	7577094	7577094	Missense_Mutation	novel	p.R282W
TP53	17	7577103	7577103	Missense_Mutation		p.G279R
TP53	17	7577105	7577105	Missense_Mutation		p.P278L
TP53	17	7577105	7577105	Missense_Mutation	novel	p.P278H
TP53	17	7577106	7577106	Missense_Mutation	rs17849781	p.P278A
TP53	17	7577114	7577114	Missense_Mutation		p.C275F
TP53	17	7577114	7577114	Missense_Mutation		p.C275Y
TP53	17	7577120	7577120	Missense_Mutation	rs28934576	p.R273L
TP53	17	7577120	7577120	Missense_Mutation	novel	p.R273H
TP53	17	7577121	7577121	Missense_Mutation	rs121913343	p.R273C
TP53	17	7577121	7577121	Missense_Mutation	novel	p.R273C
TP53	17	7577124	7577124	Missense_Mutation	rs121912657	p.V272L
TP53	17	7577127	7577127	Nonsense_Mutation		p.E271*
TP53	17	7577138	7577138	Missense_Mutation		p.R267Q
TP53	17	7577141	7577141	Missense_Mutation		p.G266E
TP53	17	7577141	7577141	Missense_Mutation		p.G266V
TP53	17	7577142	7577142	Missense_Mutation		p.G266R
TP53	17	7577142	7577142	Nonsense_Mutation		p.G266*
TP53	17	7577498	7577498	Splice_Site		p.X261_splice
TP53	17	7577515	7577515	Missense_Mutation	novel	p.T256P
TP53	17	7577517	7577517	Missense_Mutation		p.I255T
TP53	17	7577517	7577517	Missense_Mutation	novel	p.I255N
TP53	17	7577518	7577518	Missense_Mutation		p.I255F
TP53	17	7577535	7577535	Missense_Mutation		p.R249M
TP53	17	7577535	7577535	Missense_Mutation	rs67185453	p.R249M
TP53	17	7577538	7577538	Missense_Mutation		p.R248Q
TP53	17	7577538	7577538	Missense_Mutation	rs11540652	p.R248Q
TP53	17	7577538	7577538	Missense_Mutation	novel	p.R248Q
TP53	17	7577539	7577539	Missense_Mutation	rs121912651	p.R248W
TP53	17	7577545	7577545	Missense_Mutation		p.M246V
TP53	17	7577547	7577547	Missense_Mutation	rs121912656	p.G245D
TP53	17	7577548	7577548	Missense_Mutation	rs28934575	p.G245R
TP53	17	7577548	7577548	Missense_Mutation	rs28934575	p.G245S
TP53	17	7577556	7577556	Missense_Mutation	rs121912655	p.C242F
TP53	17	7577559	7577559	Missense_Mutation	rs28934573	p.S241Y
TP53	17	7577559	7577559	Missense_Mutation	rs28934573	p.S241F
TP53	17	7577560	7577560	Missense_Mutation		p.S241P
TP53	17	7577563	7577563	Missense_Mutation	novel	p.S240G
TP53	17	7577568	7577568	Missense_Mutation		p.C238F
TP53	17	7577568	7577568	Missense_Mutation		p.C238Y
TP53	17	7577571	7577571	Missense_Mutation		p.M237K
TP53	17	7577574	7577574	Missense_Mutation		p.Y236C
TP53	17	7577580	7577580	Missense_Mutation		p.Y234C
TP53	17	7577610	7577610	Splice_Site	novel	p.X225_splice
TP53	17	7578176	7578176	Splice_Site		p.X224_splice
TP53	17	7578181	7578181	Missense_Mutation	rs138983188	p.P223L
TP53	17	7578190	7578190	Missense_Mutation	rs121912666	p.Y220C
TP53	17	7578208	7578208	Missense_Mutation	novel	p.H214R
TP53	17	7578212	7578212	Nonsense_Mutation		p.R213*
TP53	17	7578265	7578265	Missense_Mutation		p.I195T
TP53	17	7578270	7578270	Missense_Mutation		p.H193Q
TP53	17	7578271	7578271	Missense_Mutation		p.H193P
TP53	17	7578272	7578272	Missense_Mutation		p.H193D
TP53	17	7578275	7578275	Nonsense_Mutation	novel	p.Q192*
TP53	17	7578388	7578388	Missense_Mutation	rs138525931	p.R181H
TP53	17	7578392	7578392	Nonsense_Mutation		p.E180*
TP53	17	7578394	7578394	Missense_Mutation		p.H179R
TP53	17	7578403	7578403	Missense_Mutation		p.C176Y
TP53	17	7578403	7578403	Missense_Mutation		p.C176F
TP53	17	7578404	7578404	Missense_Mutation		p.C176S
TP53	17	7578406	7578406	Missense_Mutation	rs28934578	p.R175H
TP53	17	7578413	7578413	Missense_Mutation		p.V173L
TP53	17	7578437	7578437	Nonsense_Mutation		p.Q165*
TP53	17	7578454	7578454	Missense_Mutation		p.A159V
TP53	17	7578454	7578454	Missense_Mutation		p.A159D
TP53	17	7578458	7578458	Missense_Mutation		p.R158C
TP53	17	7578493	7578493	Nonsense_Mutation		p.W146*
TP53	17	7578494	7578494	Missense_Mutation	novel	p.W146G
TP53	17	7578507	7578507	Missense_Mutation		p.C141W
TP53	17	7578515	7578515	Nonsense_Mutation	rs137852794	p.K139*
TP53	17	7578524	7578524	Missense_Mutation		p.Q136E
TP53	17	7578525	7578525	Missense_Mutation		p.C135W
TP53	17	7578526	7578526	Missense_Mutation	novel	p.C135Y
TP53	17	7578535	7578535	Missense_Mutation		p.K132T
TP53	17	7578552	7578552	Nonsense_Mutation		p.Y126*
TP53	17	7578555	7578555	Splice_Site		p.X126_splice
TP53	17	7578556	7578556	Splice_Site		p.X126_splice
TP53	17	7579315	7579315	Nonsense_Mutation	novel	p.C124*
TP53	17	7579349	7579349	Missense_Mutation	novel	p.F113C
TP53	17	7579521	7579521	Nonsense_Mutation		p.E56*
CDK12	17	37619292	37619292	Nonsense_Mutation		p.S323*
CDK12	17	37627173	37627173	Nonsense_Mutation		p.S363*
CDK12	17	37650878	37650878	Nonsense_Mutation		p.R784*
CDK12	17	37657655	37657655	Missense_Mutation		p.R858W
CDK12	17	37657664	37657664	Missense_Mutation		p.K861E
CDK12	17	37667819	37667819	Nonsense_Mutation		p.R902*
CDK12	17	37667868	37667868	Missense_Mutation		p.D918G
CDK12	17	37673693	37673693	Missense_Mutation		p.S949R
CDK12	17	37673725	37673725	Nonsense_Mutation		p.W960*
CDK12	17	37673796	37673796	Nonsense_Mutation		p.E984*
CDK12	17	37676208	37676208	Splice_Site		p.X988_splice
CDK12	17	37676268	37676268	Missense_Mutation		p.R1008Q
CDK12	17	37680959	37680959	Nonsense_Mutation		p.W1043*
CDK12	17	37681094	37681094	Missense_Mutation		p.Q1088L
BRCA1	17	41209139	41209139	Missense_Mutation		p.V1736A
BRCA1	17	41243962	41243962	Missense_Mutation		p.T1196A
BRCA1	17	41245122	41245122	Missense_Mutation		p.E809G
BRCA1	17	41246739	41246739	Missense_Mutation	rs80357965	p.H270R
BRCA1	17	41258504	41258504	Missense_Mutation		p.C61G
SPOP	17	47696424	47696424	Missense_Mutation		p.F133L
SPOP	17	47696425	47696425	Missense_Mutation		p.F133C
SPOP	17	47696425	47696425	Missense_Mutation	novel	p.F133S
SPOP	17	47696426	47696426	Missense_Mutation		p.F133V
SPOP	17	47696426	47696426	Missense_Mutation		p.F133I
SPOP	17	47696426	47696426	Missense_Mutation		p.F133L
SPOP	17	47696432	47696432	Missense_Mutation		p.W131G
SPOP	17	47696449	47696449	Missense_Mutation		p.F125C
SPOP	17	47696450	47696450	Missense_Mutation	novel	p.F125V
SPOP	17	47696450	47696450	Missense_Mutation	novel	p.F125I
SPOP	17	47696467	47696467	Missense_Mutation		p.S119N
SPOP	17	47696643	47696643	Missense_Mutation		p.F102C
SPOP	17	47696688	47696688	Missense_Mutation		p.Y87C
SPOP	17	47696688	47696688	Missense_Mutation	novel	p.Y87C
SPOP	17	47696689	47696689	Missense_Mutation		p.Y87N
RNF43	17	56434831	56434831	Missense_Mutation		p.P769R
RNF43	17	56436142	56436142	Missense_Mutation		p.Y332C
RNF43	17	56437533	56437533	Missense_Mutation		p.P310H
RNF43	17	56437578	56437578	Missense_Mutation		p.H295R
RNF43	17	56440722	56440722	Missense_Mutation		p.G166C
RNF43	17	56440757	56440757	Missense_Mutation		p.P154L
RNF43	17	56492694	56492694	Nonsense_Mutation		p.L82*
AKT2	19	40741980	40741980	Missense_Mutation		p.V331A
AKT2	19	40748463	40748463	Missense_Mutation		p.V140A
ERCC2	19	45855903	45855903	Missense_Mutation		p.R636Q
ERCC2	19	45867349	45867349	Missense_Mutation		p.R282W
ERCC1	19	45917252	45917252	Missense_Mutation		p.T248M
ERCC1	19	45924435	45924435	Splice_Site		p.X107_splice
ASXL1	20	31021497	31021497	Missense_Mutation		p.R499H
ASXL1	20	31021691	31021691	Missense_Mutation		p.K564E
ASXL1	20	31024050	31024050	Missense_Mutation		p.P1179S
ASXL1	20	31025001	31025001	Missense_Mutation		p.S1496R
AURKA	20	54945324	54945324	Missense_Mutation		p.P368S
AURKA	20	54956536	54956536	Missense_Mutation		p.R220G
AURKA	20	54958090	54958090	Missense_Mutation		p.G173R
GNAS	20	57428571	57428571	Missense_Mutation		p.A84E
GNAS	20	57428635	57428635	Missense_Mutation		p.E105D
GNAS	20	57429032	57429032	Missense_Mutation		p.P238T
GNAS	20	57429071	57429071	Missense_Mutation		p.G251S
GNAS	20	57429113	57429113	Missense_Mutation		p.R265C
GNAS	20	57429243	57429243	Missense_Mutation		p.P308L
GNAS	20	57429287	57429287	Missense_Mutation		p.V323I
GNAS	20	57429663	57429663	Missense_Mutation		p.D448A
GNAS	20	57429753	57429753	Missense_Mutation		p.A478V
GNAS	20	57474019	57474019	Missense_Mutation		p.A79V
GNAS	20	57480484	57480484	Missense_Mutation	rs11554274	p.R160H
GNAS	20	57484803	57484803	Missense_Mutation		p.N261K
GNAS	20	57485819	57485819	Missense_Mutation		p.R374C
RUNX1	21	36164608	36164608	Missense_Mutation		p.R396C
RUNX1	21	36164716	36164716	Missense_Mutation	novel	p.G360S
RUNX1	21	36206775	36206775	Missense_Mutation		p.T219M
RUNX1	21	36231825	36231825	Missense_Mutation		p.A160T
